File,Function Name,Line Start,Line End,Function Type
CWE416_Use_After_Free/CWE416_Use_After_Free__new_delete_array_wchar_t_14.cpp,goodG2B2,129,147,GOOD
CWE416_Use_After_Free/CWE416_Use_After_Free__new_delete_array_wchar_t_14.cpp,goodB2G1,52,77,GOOD
CWE416_Use_After_Free/CWE416_Use_After_Free__new_delete_array_wchar_t_14.cpp,bad,26,45,BAD
CWE416_Use_After_Free/CWE416_Use_After_Free__new_delete_array_wchar_t_14.cpp,good,149,155,GOOD
CWE416_Use_After_Free/CWE416_Use_After_Free__new_delete_array_wchar_t_14.cpp,goodB2G2,80,100,GOOD
CWE416_Use_After_Free/CWE416_Use_After_Free__new_delete_array_wchar_t_14.cpp,goodG2B1,103,126,GOOD
CWE758_Undefined_Behavior/CWE758_Undefined_Behavior__int64_t_malloc_use_18.c,CWE758_Undefined_Behavior__int64_t_malloc_use_18_bad,20,30,BAD
CWE758_Undefined_Behavior/CWE758_Undefined_Behavior__int64_t_malloc_use_18.c,good1,37,52,GOOD
CWE758_Undefined_Behavior/CWE758_Undefined_Behavior__int64_t_malloc_use_18.c,CWE758_Undefined_Behavior__int64_t_malloc_use_18_good,54,57,GOOD
CWE416_Use_After_Free/CWE416_Use_After_Free__new_delete_array_int_05.cpp,goodG2B2,156,179,GOOD
CWE416_Use_After_Free/CWE416_Use_After_Free__new_delete_array_int_05.cpp,goodB2G1,64,94,GOOD
CWE416_Use_After_Free/CWE416_Use_After_Free__new_delete_array_int_05.cpp,bad,33,57,BAD
CWE416_Use_After_Free/CWE416_Use_After_Free__new_delete_array_int_05.cpp,good,181,187,GOOD
CWE416_Use_After_Free/CWE416_Use_After_Free__new_delete_array_int_05.cpp,goodB2G2,97,122,GOOD
CWE416_Use_After_Free/CWE416_Use_After_Free__new_delete_array_int_05.cpp,goodG2B1,125,153,GOOD
CWE672_Operation_on_Resource_After_Expiration_or_Release/CWE672_Operation_on_Resource_After_Expiration_or_Release__list_int_66b.cpp,goodB2GSink,76,89,GOOD
CWE672_Operation_on_Resource_After_Expiration_or_Release/CWE672_Operation_on_Resource_After_Expiration_or_Release__list_int_66b.cpp,badSink,31,49,BAD
CWE672_Operation_on_Resource_After_Expiration_or_Release/CWE672_Operation_on_Resource_After_Expiration_or_Release__list_int_66b.cpp,goodG2BSink,56,73,GOOD
CWE476_NULL_Pointer_Dereference/CWE476_NULL_Pointer_Dereference__struct_82_bad.cpp,action,25,29,BAD
CWE252_Unchecked_Return_Value/CWE252_Unchecked_Return_Value__wchar_t_snprintf_15.c,CWE252_Unchecked_Return_Value__wchar_t_snprintf_15_bad,32,51,BAD
CWE252_Unchecked_Return_Value/CWE252_Unchecked_Return_Value__wchar_t_snprintf_15.c,CWE252_Unchecked_Return_Value__wchar_t_snprintf_15_good,107,111,GOOD
CWE252_Unchecked_Return_Value/CWE252_Unchecked_Return_Value__wchar_t_snprintf_15.c,good2,83,105,GOOD
CWE252_Unchecked_Return_Value/CWE252_Unchecked_Return_Value__wchar_t_snprintf_15.c,good1,58,80,GOOD
CWE758_Undefined_Behavior/CWE758_Undefined_Behavior__int_pointer_alloca_use_02.c,CWE758_Undefined_Behavior__int_pointer_alloca_use_02_bad,20,30,BAD
CWE758_Undefined_Behavior/CWE758_Undefined_Behavior__int_pointer_alloca_use_02.c,good2,62,79,GOOD
CWE758_Undefined_Behavior/CWE758_Undefined_Behavior__int_pointer_alloca_use_02.c,CWE758_Undefined_Behavior__int_pointer_alloca_use_02_good,81,85,GOOD
CWE758_Undefined_Behavior/CWE758_Undefined_Behavior__int_pointer_alloca_use_02.c,good1,37,59,GOOD
CWE758_Undefined_Behavior/CWE758_Undefined_Behavior__int_pointer_malloc_use_17.c,CWE758_Undefined_Behavior__int_pointer_malloc_use_17_good,60,63,GOOD
CWE758_Undefined_Behavior/CWE758_Undefined_Behavior__int_pointer_malloc_use_17.c,CWE758_Undefined_Behavior__int_pointer_malloc_use_17_bad,20,32,BAD
CWE758_Undefined_Behavior/CWE758_Undefined_Behavior__int_pointer_malloc_use_17.c,good1,39,58,GOOD
CWE758_Undefined_Behavior/CWE758_Undefined_Behavior__int_pointer_malloc_use_18.c,CWE758_Undefined_Behavior__int_pointer_malloc_use_18_bad,20,30,BAD
CWE758_Undefined_Behavior/CWE758_Undefined_Behavior__int_pointer_malloc_use_18.c,CWE758_Undefined_Behavior__int_pointer_malloc_use_18_good,56,59,GOOD
CWE758_Undefined_Behavior/CWE758_Undefined_Behavior__int_pointer_malloc_use_18.c,good1,37,54,GOOD
CWE416_Use_After_Free/CWE416_Use_After_Free__new_delete_struct_63b.cpp,goodB2GSink,49,56,GOOD
CWE416_Use_After_Free/CWE416_Use_After_Free__new_delete_struct_63b.cpp,badSink,27,33,BAD
CWE416_Use_After_Free/CWE416_Use_After_Free__new_delete_struct_63b.cpp,goodG2BSink,40,46,GOOD
CWE665_Improper_Initialization/CWE665_Improper_Initialization__wchar_t_ncat_84a.cpp,bad,25,32,BAD
CWE665_Improper_Initialization/CWE665_Improper_Initialization__wchar_t_ncat_84a.cpp,goodG2B,39,46,GOOD
CWE665_Improper_Initialization/CWE665_Improper_Initialization__wchar_t_ncat_84a.cpp,good,48,51,GOOD
CWE252_Unchecked_Return_Value/CWE252_Unchecked_Return_Value__char_fputs_06.c,good2,61,71,GOOD
CWE252_Unchecked_Return_Value/CWE252_Unchecked_Return_Value__char_fputs_06.c,good1,43,58,GOOD
CWE252_Unchecked_Return_Value/CWE252_Unchecked_Return_Value__char_fputs_06.c,CWE252_Unchecked_Return_Value__char_fputs_06_bad,29,36,BAD
CWE252_Unchecked_Return_Value/CWE252_Unchecked_Return_Value__char_fputs_06.c,CWE252_Unchecked_Return_Value__char_fputs_06_good,73,77,GOOD
CWE404_Improper_Resource_Shutdown/CWE404_Improper_Resource_Shutdown__w32CreateFile_close_63a.c,CWE404_Improper_Resource_Shutdown__w32CreateFile_close_63_good,65,68,GOOD
CWE404_Improper_Resource_Shutdown/CWE404_Improper_Resource_Shutdown__w32CreateFile_close_63a.c,CWE404_Improper_Resource_Shutdown__w32CreateFile_close_63_bad,26,40,BAD
CWE404_Improper_Resource_Shutdown/CWE404_Improper_Resource_Shutdown__w32CreateFile_close_63a.c,goodB2G,49,63,GOOD
CWE476_NULL_Pointer_Dereference/CWE476_NULL_Pointer_Dereference__char_65b.c,CWE476_NULL_Pointer_Dereference__char_65b_goodB2GSink,44,56,GOOD
CWE476_NULL_Pointer_Dereference/CWE476_NULL_Pointer_Dereference__char_65b.c,CWE476_NULL_Pointer_Dereference__char_65b_goodG2BSink,36,41,GOOD
CWE476_NULL_Pointer_Dereference/CWE476_NULL_Pointer_Dereference__char_65b.c,CWE476_NULL_Pointer_Dereference__char_65b_badSink,24,29,BAD
CWE252_Unchecked_Return_Value/CWE252_Unchecked_Return_Value__wchar_t_remove_18.c,good1,43,52,GOOD
CWE252_Unchecked_Return_Value/CWE252_Unchecked_Return_Value__wchar_t_remove_18.c,CWE252_Unchecked_Return_Value__wchar_t_remove_18_bad,30,36,BAD
CWE252_Unchecked_Return_Value/CWE252_Unchecked_Return_Value__wchar_t_remove_18.c,CWE252_Unchecked_Return_Value__wchar_t_remove_18_good,54,57,GOOD
CWE252_Unchecked_Return_Value/CWE252_Unchecked_Return_Value__char_remove_15.c,good2,69,85,GOOD
CWE252_Unchecked_Return_Value/CWE252_Unchecked_Return_Value__char_remove_15.c,good1,50,66,GOOD
CWE252_Unchecked_Return_Value/CWE252_Unchecked_Return_Value__char_remove_15.c,CWE252_Unchecked_Return_Value__char_remove_15_bad,30,43,BAD
CWE252_Unchecked_Return_Value/CWE252_Unchecked_Return_Value__char_remove_15.c,CWE252_Unchecked_Return_Value__char_remove_15_good,87,91,GOOD
CWE404_Improper_Resource_Shutdown/CWE404_Improper_Resource_Shutdown__fopen_w32CloseHandle_54d.c,CWE404_Improper_Resource_Shutdown__fopen_w32CloseHandle_54d_goodB2GSink,38,41,GOOD
CWE404_Improper_Resource_Shutdown/CWE404_Improper_Resource_Shutdown__fopen_w32CloseHandle_54d.c,CWE404_Improper_Resource_Shutdown__fopen_w32CloseHandle_54d_badSink,26,29,BAD
CWE476_NULL_Pointer_Dereference/CWE476_NULL_Pointer_Dereference__long_52a.c,CWE476_NULL_Pointer_Dereference__long_52_good,64,68,GOOD
CWE476_NULL_Pointer_Dereference/CWE476_NULL_Pointer_Dereference__long_52a.c,CWE476_NULL_Pointer_Dereference__long_52_bad,27,33,BAD
CWE476_NULL_Pointer_Dereference/CWE476_NULL_Pointer_Dereference__long_52a.c,goodB2G,56,62,GOOD
CWE476_NULL_Pointer_Dereference/CWE476_NULL_Pointer_Dereference__long_52a.c,goodG2B,42,51,GOOD
CWE563_Unused_Variable/CWE563_Unused_Variable__unused_uninit_variable_int_22a.c,CWE563_Unused_Variable__unused_uninit_variable_int_22_bad,28,35,BAD
CWE563_Unused_Variable/CWE563_Unused_Variable__unused_uninit_variable_int_22a.c,goodB2G1,48,55,GOOD
CWE563_Unused_Variable/CWE563_Unused_Variable__unused_uninit_variable_int_22a.c,CWE563_Unused_Variable__unused_uninit_variable_int_22_good,69,73,GOOD
CWE563_Unused_Variable/CWE563_Unused_Variable__unused_uninit_variable_int_22a.c,goodB2G2,60,67,GOOD
CWE758_Undefined_Behavior/CWE758_Undefined_Behavior__char_pointer_malloc_use_17.c,CWE758_Undefined_Behavior__char_pointer_malloc_use_17_bad,20,32,BAD
CWE758_Undefined_Behavior/CWE758_Undefined_Behavior__char_pointer_malloc_use_17.c,CWE758_Undefined_Behavior__char_pointer_malloc_use_17_good,58,61,GOOD
CWE758_Undefined_Behavior/CWE758_Undefined_Behavior__char_pointer_malloc_use_17.c,good1,39,56,GOOD
CWE416_Use_After_Free/CWE416_Use_After_Free__new_delete_array_int_03.cpp,goodG2B2,150,173,GOOD
CWE416_Use_After_Free/CWE416_Use_After_Free__new_delete_array_int_03.cpp,goodB2G1,58,88,GOOD
CWE416_Use_After_Free/CWE416_Use_After_Free__new_delete_array_int_03.cpp,bad,27,51,BAD
CWE416_Use_After_Free/CWE416_Use_After_Free__new_delete_array_int_03.cpp,good,175,181,GOOD
CWE416_Use_After_Free/CWE416_Use_After_Free__new_delete_array_int_03.cpp,goodB2G2,91,116,GOOD
CWE416_Use_After_Free/CWE416_Use_After_Free__new_delete_array_int_03.cpp,goodG2B1,119,147,GOOD
CWE563_Unused_Variable/CWE563_Unused_Variable__unused_value_struct_84_goodB2G.cpp,CWE563_Unused_Variable__unused_value_struct_84_goodB2G,24,30,GOOD
CWE563_Unused_Variable/CWE563_Unused_Variable__unused_value_struct_84_goodB2G.cpp,~CWE563_Unused_Variable__unused_value_struct_84_goodB2G,32,36,GOOD
CWE404_Improper_Resource_Shutdown/CWE404_Improper_Resource_Shutdown__w32CreateFile_close_84_goodB2G.cpp,CWE404_Improper_Resource_Shutdown__w32CreateFile_close_84_goodB2G,23,34,GOOD
CWE404_Improper_Resource_Shutdown/CWE404_Improper_Resource_Shutdown__w32CreateFile_close_84_goodB2G.cpp,~CWE404_Improper_Resource_Shutdown__w32CreateFile_close_84_goodB2G,36,43,GOOD
CWE398_Poor_Code_Quality/CWE398_Poor_Code_Quality__semicolon_07.c,CWE398_Poor_Code_Quality__semicolon_07_good,64,68,GOOD
CWE398_Poor_Code_Quality/CWE398_Poor_Code_Quality__semicolon_07.c,good2,55,62,GOOD
CWE398_Poor_Code_Quality/CWE398_Poor_Code_Quality__semicolon_07.c,good1,40,52,GOOD
CWE398_Poor_Code_Quality/CWE398_Poor_Code_Quality__semicolon_07.c,CWE398_Poor_Code_Quality__semicolon_07_bad,25,33,BAD
CWE404_Improper_Resource_Shutdown/CWE404_Improper_Resource_Shutdown__freopen_w32_close_82_goodB2G.cpp,action,24,31,GOOD
CWE476_NULL_Pointer_Dereference/CWE476_NULL_Pointer_Dereference__struct_33.cpp,bad,27,38,BAD
CWE476_NULL_Pointer_Dereference/CWE476_NULL_Pointer_Dereference__struct_33.cpp,goodB2G,64,82,GOOD
CWE476_NULL_Pointer_Dereference/CWE476_NULL_Pointer_Dereference__struct_33.cpp,goodG2B,45,61,GOOD
CWE476_NULL_Pointer_Dereference/CWE476_NULL_Pointer_Dereference__struct_33.cpp,good,84,88,GOOD
CWE758_Undefined_Behavior/CWE758_Undefined_Behavior__wchar_t_pointer_malloc_use_13.c,CWE758_Undefined_Behavior__wchar_t_pointer_malloc_use_13_good,80,84,GOOD
CWE758_Undefined_Behavior/CWE758_Undefined_Behavior__wchar_t_pointer_malloc_use_13.c,good2,62,78,GOOD
CWE758_Undefined_Behavior/CWE758_Undefined_Behavior__wchar_t_pointer_malloc_use_13.c,good1,38,59,GOOD
CWE758_Undefined_Behavior/CWE758_Undefined_Behavior__wchar_t_pointer_malloc_use_13.c,CWE758_Undefined_Behavior__wchar_t_pointer_malloc_use_13_bad,20,31,BAD
CWE685_Function_Call_With_Incorrect_Number_of_Arguments/CWE685_Function_Call_With_Incorrect_Number_of_Arguments__basic_16.c,CWE685_Function_Call_With_Incorrect_Number_of_Arguments__basic_16_good,56,59,GOOD
CWE685_Function_Call_With_Incorrect_Number_of_Arguments/CWE685_Function_Call_With_Incorrect_Number_of_Arguments__basic_16.c,CWE685_Function_Call_With_Incorrect_Number_of_Arguments__basic_16_bad,23,35,BAD
CWE685_Function_Call_With_Incorrect_Number_of_Arguments/CWE685_Function_Call_With_Incorrect_Number_of_Arguments__basic_16.c,good1,42,54,GOOD
CWE252_Unchecked_Return_Value/CWE252_Unchecked_Return_Value__w32ImpersonateSelf_12.c,CWE252_Unchecked_Return_Value__w32ImpersonateSelf_12_good,65,68,GOOD
CWE252_Unchecked_Return_Value/CWE252_Unchecked_Return_Value__w32ImpersonateSelf_12.c,CWE252_Unchecked_Return_Value__w32ImpersonateSelf_12_bad,23,38,BAD
CWE252_Unchecked_Return_Value/CWE252_Unchecked_Return_Value__w32ImpersonateSelf_12.c,good1,45,63,GOOD
CWE252_Unchecked_Return_Value/CWE252_Unchecked_Return_Value__wchar_t_fprintf_09.c,CWE252_Unchecked_Return_Value__wchar_t_fprintf_09_good,68,72,GOOD
CWE252_Unchecked_Return_Value/CWE252_Unchecked_Return_Value__wchar_t_fprintf_09.c,CWE252_Unchecked_Return_Value__wchar_t_fprintf_09_bad,24,31,BAD
CWE252_Unchecked_Return_Value/CWE252_Unchecked_Return_Value__wchar_t_fprintf_09.c,good2,56,66,GOOD
CWE252_Unchecked_Return_Value/CWE252_Unchecked_Return_Value__wchar_t_fprintf_09.c,good1,38,53,GOOD
CWE252_Unchecked_Return_Value/CWE252_Unchecked_Return_Value__w32ImpersonateSelf_18.c,CWE252_Unchecked_Return_Value__w32ImpersonateSelf_18_good,47,50,GOOD
CWE252_Unchecked_Return_Value/CWE252_Unchecked_Return_Value__w32ImpersonateSelf_18.c,CWE252_Unchecked_Return_Value__w32ImpersonateSelf_18_bad,23,29,BAD
CWE252_Unchecked_Return_Value/CWE252_Unchecked_Return_Value__w32ImpersonateSelf_18.c,good1,36,45,GOOD
CWE252_Unchecked_Return_Value/CWE252_Unchecked_Return_Value__wchar_t_w32CreateMutex_11.c,CWE252_Unchecked_Return_Value__wchar_t_w32CreateMutex_11_good,91,95,GOOD
CWE252_Unchecked_Return_Value/CWE252_Unchecked_Return_Value__wchar_t_w32CreateMutex_11.c,CWE252_Unchecked_Return_Value__wchar_t_w32CreateMutex_11_bad,27,40,BAD
CWE252_Unchecked_Return_Value/CWE252_Unchecked_Return_Value__wchar_t_w32CreateMutex_11.c,good2,72,89,GOOD
CWE252_Unchecked_Return_Value/CWE252_Unchecked_Return_Value__wchar_t_w32CreateMutex_11.c,good1,47,69,GOOD
CWE476_NULL_Pointer_Dereference/CWE476_NULL_Pointer_Dereference__long_81_bad.cpp,action,25,29,BAD
CWE476_NULL_Pointer_Dereference/CWE476_NULL_Pointer_Dereference__int64_t_66b.c,CWE476_NULL_Pointer_Dereference__int64_t_66b_badSink,24,30,BAD
CWE476_NULL_Pointer_Dereference/CWE476_NULL_Pointer_Dereference__int64_t_66b.c,CWE476_NULL_Pointer_Dereference__int64_t_66b_goodB2GSink,45,57,GOOD
CWE476_NULL_Pointer_Dereference/CWE476_NULL_Pointer_Dereference__int64_t_66b.c,CWE476_NULL_Pointer_Dereference__int64_t_66b_goodG2BSink,37,42,GOOD
CWE252_Unchecked_Return_Value/CWE252_Unchecked_Return_Value__wchar_t_puts_02.c,CWE252_Unchecked_Return_Value__wchar_t_puts_02_bad,30,37,BAD
CWE252_Unchecked_Return_Value/CWE252_Unchecked_Return_Value__wchar_t_puts_02.c,CWE252_Unchecked_Return_Value__wchar_t_puts_02_good,74,78,GOOD
CWE252_Unchecked_Return_Value/CWE252_Unchecked_Return_Value__wchar_t_puts_02.c,good2,62,72,GOOD
CWE252_Unchecked_Return_Value/CWE252_Unchecked_Return_Value__wchar_t_puts_02.c,good1,44,59,GOOD
CWE570_Expression_Always_False/CWE570_Expression_Always_False__unsigned_int_01.c,CWE570_Expression_Always_False__unsigned_int_01_good,38,41,GOOD
CWE570_Expression_Always_False/CWE570_Expression_Always_False__unsigned_int_01.c,CWE570_Expression_Always_False__unsigned_int_01_bad,10,20,BAD
CWE570_Expression_Always_False/CWE570_Expression_Always_False__unsigned_int_01.c,good1,27,36,GOOD
CWE563_Unused_Variable/CWE563_Unused_Variable__unused_value_char_82_goodB2G.cpp,action,25,29,GOOD
CWE758_Undefined_Behavior/CWE758_Undefined_Behavior__int_malloc_use_17.c,CWE758_Undefined_Behavior__int_malloc_use_17_bad,20,32,BAD
CWE758_Undefined_Behavior/CWE758_Undefined_Behavior__int_malloc_use_17.c,good1,39,56,GOOD
CWE758_Undefined_Behavior/CWE758_Undefined_Behavior__int_malloc_use_17.c,CWE758_Undefined_Behavior__int_malloc_use_17_good,58,61,GOOD
CWE476_NULL_Pointer_Dereference/CWE476_NULL_Pointer_Dereference__class_03.cpp,goodG2B2,128,148,GOOD
CWE476_NULL_Pointer_Dereference/CWE476_NULL_Pointer_Dereference__class_03.cpp,goodB2G1,47,73,GOOD
CWE476_NULL_Pointer_Dereference/CWE476_NULL_Pointer_Dereference__class_03.cpp,bad,25,40,BAD
CWE476_NULL_Pointer_Dereference/CWE476_NULL_Pointer_Dereference__class_03.cpp,good,150,156,GOOD
CWE476_NULL_Pointer_Dereference/CWE476_NULL_Pointer_Dereference__class_03.cpp,goodB2G2,76,97,GOOD
CWE476_NULL_Pointer_Dereference/CWE476_NULL_Pointer_Dereference__class_03.cpp,goodG2B1,100,125,GOOD
CWE758_Undefined_Behavior/CWE758_Undefined_Behavior__int_malloc_use_15.c,CWE758_Undefined_Behavior__int_malloc_use_15_bad,20,37,BAD
CWE758_Undefined_Behavior/CWE758_Undefined_Behavior__int_malloc_use_15.c,CWE758_Undefined_Behavior__int_malloc_use_15_good,93,97,GOOD
CWE758_Undefined_Behavior/CWE758_Undefined_Behavior__int_malloc_use_15.c,good2,69,91,GOOD
CWE758_Undefined_Behavior/CWE758_Undefined_Behavior__int_malloc_use_15.c,good1,44,66,GOOD
CWE252_Unchecked_Return_Value/CWE252_Unchecked_Return_Value__char_fwrite_11.c,CWE252_Unchecked_Return_Value__char_fwrite_11_bad,24,31,BAD
CWE252_Unchecked_Return_Value/CWE252_Unchecked_Return_Value__char_fwrite_11.c,good2,56,66,GOOD
CWE252_Unchecked_Return_Value/CWE252_Unchecked_Return_Value__char_fwrite_11.c,good1,38,53,GOOD
CWE252_Unchecked_Return_Value/CWE252_Unchecked_Return_Value__char_fwrite_11.c,CWE252_Unchecked_Return_Value__char_fwrite_11_good,68,72,GOOD
CWE482_Comparing_Instead_of_Assigning/CWE482_Comparing_Instead_of_Assigning__basic_12.c,CWE482_Comparing_Instead_of_Assigning__basic_12_good,77,80,GOOD
CWE482_Comparing_Instead_of_Assigning/CWE482_Comparing_Instead_of_Assigning__basic_12.c,good1,51,75,GOOD
CWE482_Comparing_Instead_of_Assigning/CWE482_Comparing_Instead_of_Assigning__basic_12.c,CWE482_Comparing_Instead_of_Assigning__basic_12_bad,20,44,BAD
CWE404_Improper_Resource_Shutdown/CWE404_Improper_Resource_Shutdown__w32CreateFile_fclose_31.c,CWE404_Improper_Resource_Shutdown__w32CreateFile_fclose_31_bad,23,45,BAD
CWE404_Improper_Resource_Shutdown/CWE404_Improper_Resource_Shutdown__w32CreateFile_fclose_31.c,CWE404_Improper_Resource_Shutdown__w32CreateFile_fclose_31_good,76,79,GOOD
CWE404_Improper_Resource_Shutdown/CWE404_Improper_Resource_Shutdown__w32CreateFile_fclose_31.c,goodB2G,52,74,GOOD
CWE404_Improper_Resource_Shutdown/CWE404_Improper_Resource_Shutdown__fopen_w32CloseHandle_22a.c,goodB2G1,48,57,GOOD
CWE404_Improper_Resource_Shutdown/CWE404_Improper_Resource_Shutdown__fopen_w32CloseHandle_22a.c,CWE404_Improper_Resource_Shutdown__fopen_w32CloseHandle_22_good,73,77,GOOD
CWE404_Improper_Resource_Shutdown/CWE404_Improper_Resource_Shutdown__fopen_w32CloseHandle_22a.c,CWE404_Improper_Resource_Shutdown__fopen_w32CloseHandle_22_bad,26,35,BAD
CWE404_Improper_Resource_Shutdown/CWE404_Improper_Resource_Shutdown__fopen_w32CloseHandle_22a.c,goodB2G2,62,71,GOOD
CWE563_Unused_Variable/CWE563_Unused_Variable__unused_value_int64_t_84_goodG2B.cpp,CWE563_Unused_Variable__unused_value_int64_t_84_goodG2B,24,30,GOOD
CWE563_Unused_Variable/CWE563_Unused_Variable__unused_value_int64_t_84_goodG2B.cpp,~CWE563_Unused_Variable__unused_value_int64_t_84_goodG2B,32,37,GOOD
CWE758_Undefined_Behavior/CWE758_Undefined_Behavior__long_new_use_13.cpp,bad,23,34,BAD
CWE758_Undefined_Behavior/CWE758_Undefined_Behavior__long_new_use_13.cpp,good2,65,81,GOOD
CWE758_Undefined_Behavior/CWE758_Undefined_Behavior__long_new_use_13.cpp,good1,41,62,GOOD
CWE758_Undefined_Behavior/CWE758_Undefined_Behavior__long_new_use_13.cpp,good,83,87,GOOD
CWE563_Unused_Variable/CWE563_Unused_Variable__unused_value_struct_82a.cpp,bad,26,35,BAD
CWE563_Unused_Variable/CWE563_Unused_Variable__unused_value_struct_82a.cpp,goodB2G,55,64,GOOD
CWE563_Unused_Variable/CWE563_Unused_Variable__unused_value_struct_82a.cpp,goodG2B,42,52,GOOD
CWE563_Unused_Variable/CWE563_Unused_Variable__unused_value_struct_82a.cpp,good,66,70,GOOD
CWE775_Missing_Release_of_File_Descriptor_or_Handle/CWE775_Missing_Release_of_File_Descriptor_or_Handle__w32CreateFile_no_close_54e.c,CWE775_Missing_Release_of_File_Descriptor_or_Handle__w32CreateFile_no_close_54e_goodB2GSink,33,40,GOOD
CWE775_Missing_Release_of_File_Descriptor_or_Handle/CWE775_Missing_Release_of_File_Descriptor_or_Handle__w32CreateFile_no_close_54e.c,CWE775_Missing_Release_of_File_Descriptor_or_Handle__w32CreateFile_no_close_54e_badSink,23,27,BAD
CWE476_NULL_Pointer_Dereference/CWE476_NULL_Pointer_Dereference__int64_t_32.c,CWE476_NULL_Pointer_Dereference__int64_t_32_good,94,98,GOOD
CWE476_NULL_Pointer_Dereference/CWE476_NULL_Pointer_Dereference__int64_t_32.c,CWE476_NULL_Pointer_Dereference__int64_t_32_bad,24,40,BAD
CWE476_NULL_Pointer_Dereference/CWE476_NULL_Pointer_Dereference__int64_t_32.c,goodB2G,69,92,GOOD
CWE476_NULL_Pointer_Dereference/CWE476_NULL_Pointer_Dereference__int64_t_32.c,goodG2B,47,66,GOOD
CWE563_Unused_Variable/CWE563_Unused_Variable__unused_value_int_43.cpp,goodB2GSource,64,68,GOOD
CWE563_Unused_Variable/CWE563_Unused_Variable__unused_value_int_43.cpp,bad,33,40,BAD
CWE563_Unused_Variable/CWE563_Unused_Variable__unused_value_int_43.cpp,badSource,27,31,BAD
CWE563_Unused_Variable/CWE563_Unused_Variable__unused_value_int_43.cpp,goodG2BSource,47,52,GOOD
CWE563_Unused_Variable/CWE563_Unused_Variable__unused_value_int_43.cpp,goodB2G,70,76,GOOD
CWE563_Unused_Variable/CWE563_Unused_Variable__unused_value_int_43.cpp,goodG2B,54,61,GOOD
CWE563_Unused_Variable/CWE563_Unused_Variable__unused_value_int_43.cpp,good,78,82,GOOD
CWE563_Unused_Variable/CWE563_Unused_Variable__unused_init_variable_long_74b.cpp,goodB2GSink,43,48,GOOD
CWE563_Unused_Variable/CWE563_Unused_Variable__unused_init_variable_long_74b.cpp,badSink,29,36,BAD
CWE404_Improper_Resource_Shutdown/CWE404_Improper_Resource_Shutdown__w32CreateFile_close_84a.cpp,bad,25,32,BAD
CWE404_Improper_Resource_Shutdown/CWE404_Improper_Resource_Shutdown__w32CreateFile_close_84a.cpp,goodB2G,39,46,GOOD
CWE404_Improper_Resource_Shutdown/CWE404_Improper_Resource_Shutdown__w32CreateFile_close_84a.cpp,good,48,51,GOOD
CWE476_NULL_Pointer_Dereference/CWE476_NULL_Pointer_Dereference__long_02.c,goodG2B2,119,135,GOOD
CWE476_NULL_Pointer_Dereference/CWE476_NULL_Pointer_Dereference__long_02.c,goodB2G1,44,69,GOOD
CWE476_NULL_Pointer_Dereference/CWE476_NULL_Pointer_Dereference__long_02.c,CWE476_NULL_Pointer_Dereference__long_02_bad,24,37,BAD
CWE476_NULL_Pointer_Dereference/CWE476_NULL_Pointer_Dereference__long_02.c,CWE476_NULL_Pointer_Dereference__long_02_good,137,143,GOOD
CWE476_NULL_Pointer_Dereference/CWE476_NULL_Pointer_Dereference__long_02.c,goodB2G2,72,92,GOOD
CWE476_NULL_Pointer_Dereference/CWE476_NULL_Pointer_Dereference__long_02.c,goodG2B1,95,116,GOOD
CWE665_Improper_Initialization/CWE665_Improper_Initialization__wchar_t_cat_05.c,goodG2B2,81,99,GOOD
CWE665_Improper_Initialization/CWE665_Improper_Initialization__wchar_t_cat_05.c,CWE665_Improper_Initialization__wchar_t_cat_05_good,101,105,GOOD
CWE665_Improper_Initialization/CWE665_Improper_Initialization__wchar_t_cat_05.c,CWE665_Improper_Initialization__wchar_t_cat_05_bad,30,48,BAD
CWE665_Improper_Initialization/CWE665_Improper_Initialization__wchar_t_cat_05.c,goodG2B1,55,78,GOOD
CWE563_Unused_Variable/CWE563_Unused_Variable__unused_uninit_variable_struct_82_bad.cpp,action,24,29,BAD
CWE758_Undefined_Behavior/CWE758_Undefined_Behavior__char_new_use_14.cpp,bad,23,34,BAD
CWE758_Undefined_Behavior/CWE758_Undefined_Behavior__char_new_use_14.cpp,good2,65,81,GOOD
CWE758_Undefined_Behavior/CWE758_Undefined_Behavior__char_new_use_14.cpp,good1,41,62,GOOD
CWE758_Undefined_Behavior/CWE758_Undefined_Behavior__char_new_use_14.cpp,good,83,87,GOOD
CWE252_Unchecked_Return_Value/CWE252_Unchecked_Return_Value__wchar_t_puts_15.c,CWE252_Unchecked_Return_Value__wchar_t_puts_15_good,87,91,GOOD
CWE252_Unchecked_Return_Value/CWE252_Unchecked_Return_Value__wchar_t_puts_15.c,good2,69,85,GOOD
CWE252_Unchecked_Return_Value/CWE252_Unchecked_Return_Value__wchar_t_puts_15.c,CWE252_Unchecked_Return_Value__wchar_t_puts_15_bad,30,43,BAD
CWE252_Unchecked_Return_Value/CWE252_Unchecked_Return_Value__wchar_t_puts_15.c,good1,50,66,GOOD
CWE758_Undefined_Behavior/CWE758_Undefined_Behavior__int64_t_alloca_use_12.c,CWE758_Undefined_Behavior__int64_t_alloca_use_12_good,80,83,GOOD
CWE758_Undefined_Behavior/CWE758_Undefined_Behavior__int64_t_alloca_use_12.c,good1,50,78,GOOD
CWE758_Undefined_Behavior/CWE758_Undefined_Behavior__int64_t_alloca_use_12.c,CWE758_Undefined_Behavior__int64_t_alloca_use_12_bad,20,43,BAD
CWE252_Unchecked_Return_Value/CWE252_Unchecked_Return_Value__char_putchar_17.c,CWE252_Unchecked_Return_Value__char_putchar_17_bad,24,32,BAD
CWE252_Unchecked_Return_Value/CWE252_Unchecked_Return_Value__char_putchar_17.c,CWE252_Unchecked_Return_Value__char_putchar_17_good,52,55,GOOD
CWE252_Unchecked_Return_Value/CWE252_Unchecked_Return_Value__char_putchar_17.c,good1,39,50,GOOD
CWE758_Undefined_Behavior/CWE758_Undefined_Behavior__struct_pointer_alloca_use_05.c,CWE758_Undefined_Behavior__struct_pointer_alloca_use_05_good,92,96,GOOD
CWE758_Undefined_Behavior/CWE758_Undefined_Behavior__struct_pointer_alloca_use_05.c,good2,71,90,GOOD
CWE758_Undefined_Behavior/CWE758_Undefined_Behavior__struct_pointer_alloca_use_05.c,good1,44,68,GOOD
CWE758_Undefined_Behavior/CWE758_Undefined_Behavior__struct_pointer_alloca_use_05.c,CWE758_Undefined_Behavior__struct_pointer_alloca_use_05_bad,26,37,BAD
CWE563_Unused_Variable/CWE563_Unused_Variable__unused_uninit_variable_struct_82_goodB2G.cpp,action,24,30,GOOD
CWE398_Poor_Code_Quality/CWE398_Poor_Code_Quality__empty_case_01.c,CWE398_Poor_Code_Quality__empty_case_01_good,53,56,GOOD
CWE398_Poor_Code_Quality/CWE398_Poor_Code_Quality__empty_case_01.c,CWE398_Poor_Code_Quality__empty_case_01_bad,20,32,BAD
CWE398_Poor_Code_Quality/CWE398_Poor_Code_Quality__empty_case_01.c,good1,38,51,GOOD
CWE416_Use_After_Free/CWE416_Use_After_Free__malloc_free_wchar_t_01.c,CWE416_Use_After_Free__malloc_free_wchar_t_01_good,75,79,GOOD
CWE416_Use_After_Free/CWE416_Use_After_Free__malloc_free_wchar_t_01.c,CWE416_Use_After_Free__malloc_free_wchar_t_01_bad,24,37,BAD
CWE416_Use_After_Free/CWE416_Use_After_Free__malloc_free_wchar_t_01.c,goodB2G,59,73,GOOD
CWE416_Use_After_Free/CWE416_Use_After_Free__malloc_free_wchar_t_01.c,goodG2B,44,56,GOOD
CWE398_Poor_Code_Quality/CWE398_Poor_Code_Quality__empty_case_05.c,CWE398_Poor_Code_Quality__empty_case_05_good,90,94,GOOD
CWE398_Poor_Code_Quality/CWE398_Poor_Code_Quality__empty_case_05.c,good2,72,88,GOOD
CWE398_Poor_Code_Quality/CWE398_Poor_Code_Quality__empty_case_05.c,good1,48,69,GOOD
CWE398_Poor_Code_Quality/CWE398_Poor_Code_Quality__empty_case_05.c,CWE398_Poor_Code_Quality__empty_case_05_bad,26,41,BAD
CWE563_Unused_Variable/CWE563_Unused_Variable__unused_init_variable_wchar_t_82_bad.cpp,action,24,29,BAD
CWE252_Unchecked_Return_Value/CWE252_Unchecked_Return_Value__char_scanf_10.c,good2,68,84,GOOD
CWE252_Unchecked_Return_Value/CWE252_Unchecked_Return_Value__char_scanf_10.c,good1,44,65,GOOD
CWE252_Unchecked_Return_Value/CWE252_Unchecked_Return_Value__char_scanf_10.c,CWE252_Unchecked_Return_Value__char_scanf_10_bad,24,37,BAD
CWE252_Unchecked_Return_Value/CWE252_Unchecked_Return_Value__char_scanf_10.c,CWE252_Unchecked_Return_Value__char_scanf_10_good,86,90,GOOD
CWE563_Unused_Variable/CWE563_Unused_Variable__unused_init_variable_long_15.c,goodB2G1,47,63,GOOD
CWE563_Unused_Variable/CWE563_Unused_Variable__unused_init_variable_long_15.c,CWE563_Unused_Variable__unused_init_variable_long_15_bad,23,40,BAD
CWE563_Unused_Variable/CWE563_Unused_Variable__unused_init_variable_long_15.c,CWE563_Unused_Variable__unused_init_variable_long_15_good,84,88,GOOD
CWE563_Unused_Variable/CWE563_Unused_Variable__unused_init_variable_long_15.c,goodB2G2,66,82,GOOD
CWE563_Unused_Variable/CWE563_Unused_Variable__unused_value_char_82_goodG2B.cpp,action,25,30,GOOD
CWE404_Improper_Resource_Shutdown/CWE404_Improper_Resource_Shutdown__open_w32CloseHandle_73a.cpp,bad,39,52,BAD
CWE404_Improper_Resource_Shutdown/CWE404_Improper_Resource_Shutdown__open_w32CloseHandle_73a.cpp,goodB2G,61,73,GOOD
CWE404_Improper_Resource_Shutdown/CWE404_Improper_Resource_Shutdown__open_w32CloseHandle_73a.cpp,good,75,78,GOOD
CWE398_Poor_Code_Quality/CWE398_Poor_Code_Quality__empty_block_11.c,CWE398_Poor_Code_Quality__empty_block_11_bad,20,29,BAD
CWE398_Poor_Code_Quality/CWE398_Poor_Code_Quality__empty_block_11.c,CWE398_Poor_Code_Quality__empty_block_11_good,66,70,GOOD
CWE398_Poor_Code_Quality/CWE398_Poor_Code_Quality__empty_block_11.c,good2,54,64,GOOD
CWE398_Poor_Code_Quality/CWE398_Poor_Code_Quality__empty_block_11.c,good1,36,51,GOOD
CWE416_Use_After_Free/CWE416_Use_After_Free__new_delete_wchar_t_09.cpp,goodG2B2,126,143,GOOD
CWE416_Use_After_Free/CWE416_Use_After_Free__new_delete_wchar_t_09.cpp,goodB2G1,52,76,GOOD
CWE416_Use_After_Free/CWE416_Use_After_Free__new_delete_wchar_t_09.cpp,bad,27,45,BAD
CWE416_Use_After_Free/CWE416_Use_After_Free__new_delete_wchar_t_09.cpp,good,145,151,GOOD
CWE416_Use_After_Free/CWE416_Use_After_Free__new_delete_wchar_t_09.cpp,goodB2G2,79,98,GOOD
CWE416_Use_After_Free/CWE416_Use_After_Free__new_delete_wchar_t_09.cpp,goodG2B1,101,123,GOOD
CWE252_Unchecked_Return_Value/CWE252_Unchecked_Return_Value__wchar_t_scanf_14.c,CWE252_Unchecked_Return_Value__wchar_t_scanf_14_bad,24,37,BAD
CWE252_Unchecked_Return_Value/CWE252_Unchecked_Return_Value__wchar_t_scanf_14.c,CWE252_Unchecked_Return_Value__wchar_t_scanf_14_good,86,90,GOOD
CWE252_Unchecked_Return_Value/CWE252_Unchecked_Return_Value__wchar_t_scanf_14.c,good2,68,84,GOOD
CWE252_Unchecked_Return_Value/CWE252_Unchecked_Return_Value__wchar_t_scanf_14.c,good1,44,65,GOOD
CWE665_Improper_Initialization/CWE665_Improper_Initialization__wchar_t_ncat_16.c,CWE665_Improper_Initialization__wchar_t_ncat_16_bad,23,44,BAD
CWE665_Improper_Initialization/CWE665_Improper_Initialization__wchar_t_ncat_16.c,CWE665_Improper_Initialization__wchar_t_ncat_16_good,74,77,GOOD
CWE665_Improper_Initialization/CWE665_Improper_Initialization__wchar_t_ncat_16.c,goodG2B,51,72,GOOD
CWE563_Unused_Variable/CWE563_Unused_Variable__unused_value_struct_83_bad.cpp,~CWE563_Unused_Variable__unused_value_struct_83_bad,32,38,BAD
CWE563_Unused_Variable/CWE563_Unused_Variable__unused_value_struct_83_bad.cpp,CWE563_Unused_Variable__unused_value_struct_83_bad,24,30,BAD
CWE563_Unused_Variable/CWE563_Unused_Variable__unused_init_variable_long_09.c,goodB2G1,41,56,GOOD
CWE563_Unused_Variable/CWE563_Unused_Variable__unused_init_variable_long_09.c,CWE563_Unused_Variable__unused_init_variable_long_09_good,71,75,GOOD
CWE563_Unused_Variable/CWE563_Unused_Variable__unused_init_variable_long_09.c,CWE563_Unused_Variable__unused_init_variable_long_09_bad,23,34,BAD
CWE563_Unused_Variable/CWE563_Unused_Variable__unused_init_variable_long_09.c,goodB2G2,59,69,GOOD
CWE476_NULL_Pointer_Dereference/CWE476_NULL_Pointer_Dereference__int64_t_54a.c,CWE476_NULL_Pointer_Dereference__int64_t_54_bad,27,33,BAD
CWE476_NULL_Pointer_Dereference/CWE476_NULL_Pointer_Dereference__int64_t_54a.c,goodB2G,56,62,GOOD
CWE476_NULL_Pointer_Dereference/CWE476_NULL_Pointer_Dereference__int64_t_54a.c,goodG2B,42,51,GOOD
CWE476_NULL_Pointer_Dereference/CWE476_NULL_Pointer_Dereference__int64_t_54a.c,CWE476_NULL_Pointer_Dereference__int64_t_54_good,64,68,GOOD
CWE563_Unused_Variable/CWE563_Unused_Variable__unused_init_variable_int_08.c,goodB2G1,54,69,GOOD
CWE563_Unused_Variable/CWE563_Unused_Variable__unused_init_variable_int_08.c,CWE563_Unused_Variable__unused_init_variable_int_08_good,84,88,GOOD
CWE563_Unused_Variable/CWE563_Unused_Variable__unused_init_variable_int_08.c,staticReturnsFalse,29,32,OTHER
CWE563_Unused_Variable/CWE563_Unused_Variable__unused_init_variable_int_08.c,staticReturnsTrue,24,27,OTHER
CWE563_Unused_Variable/CWE563_Unused_Variable__unused_init_variable_int_08.c,goodB2G2,72,82,GOOD
CWE563_Unused_Variable/CWE563_Unused_Variable__unused_init_variable_int_08.c,CWE563_Unused_Variable__unused_init_variable_int_08_bad,36,47,BAD
CWE467_Use_of_sizeof_on_Pointer_Type/CWE467_Use_of_sizeof_on_Pointer_Type__short_01.c,CWE467_Use_of_sizeof_on_Pointer_Type__short_01_bad,20,30,BAD
CWE467_Use_of_sizeof_on_Pointer_Type/CWE467_Use_of_sizeof_on_Pointer_Type__short_01.c,CWE467_Use_of_sizeof_on_Pointer_Type__short_01_good,48,51,GOOD
CWE467_Use_of_sizeof_on_Pointer_Type/CWE467_Use_of_sizeof_on_Pointer_Type__short_01.c,good1,36,46,GOOD
CWE563_Unused_Variable/CWE563_Unused_Variable__unused_init_variable_int64_t_74b.cpp,goodB2GSink,43,48,GOOD
CWE563_Unused_Variable/CWE563_Unused_Variable__unused_init_variable_int64_t_74b.cpp,badSink,29,36,BAD
CWE775_Missing_Release_of_File_Descriptor_or_Handle/CWE775_Missing_Release_of_File_Descriptor_or_Handle__w32CreateFile_no_close_22a.c,goodB2G1,56,71,GOOD
CWE775_Missing_Release_of_File_Descriptor_or_Handle/CWE775_Missing_Release_of_File_Descriptor_or_Handle__w32CreateFile_no_close_22a.c,CWE775_Missing_Release_of_File_Descriptor_or_Handle__w32CreateFile_no_close_22_good,93,97,GOOD
CWE775_Missing_Release_of_File_Descriptor_or_Handle/CWE775_Missing_Release_of_File_Descriptor_or_Handle__w32CreateFile_no_close_22a.c,CWE775_Missing_Release_of_File_Descriptor_or_Handle__w32CreateFile_no_close_22_bad,28,43,BAD
CWE775_Missing_Release_of_File_Descriptor_or_Handle/CWE775_Missing_Release_of_File_Descriptor_or_Handle__w32CreateFile_no_close_22a.c,goodB2G2,76,91,GOOD
CWE563_Unused_Variable/CWE563_Unused_Variable__unused_uninit_variable_int_74a.cpp,bad,32,43,BAD
CWE563_Unused_Variable/CWE563_Unused_Variable__unused_uninit_variable_int_74a.cpp,goodB2G,52,62,GOOD
CWE563_Unused_Variable/CWE563_Unused_Variable__unused_uninit_variable_int_74a.cpp,good,64,67,GOOD
CWE416_Use_After_Free/CWE416_Use_After_Free__malloc_free_wchar_t_07.c,goodG2B2,132,150,GOOD
CWE416_Use_After_Free/CWE416_Use_After_Free__malloc_free_wchar_t_07.c,goodB2G1,55,80,GOOD
CWE416_Use_After_Free/CWE416_Use_After_Free__malloc_free_wchar_t_07.c,CWE416_Use_After_Free__malloc_free_wchar_t_07_bad,29,48,BAD
CWE416_Use_After_Free/CWE416_Use_After_Free__malloc_free_wchar_t_07.c,CWE416_Use_After_Free__malloc_free_wchar_t_07_good,152,158,GOOD
CWE416_Use_After_Free/CWE416_Use_After_Free__malloc_free_wchar_t_07.c,goodB2G2,83,103,GOOD
CWE416_Use_After_Free/CWE416_Use_After_Free__malloc_free_wchar_t_07.c,goodG2B1,106,129,GOOD
CWE404_Improper_Resource_Shutdown/CWE404_Improper_Resource_Shutdown__freopen_w32CloseHandle_16.c,CWE404_Improper_Resource_Shutdown__freopen_w32CloseHandle_16_good,64,67,GOOD
CWE404_Improper_Resource_Shutdown/CWE404_Improper_Resource_Shutdown__freopen_w32CloseHandle_16.c,CWE404_Improper_Resource_Shutdown__freopen_w32CloseHandle_16_bad,23,39,BAD
CWE404_Improper_Resource_Shutdown/CWE404_Improper_Resource_Shutdown__freopen_w32CloseHandle_16.c,goodB2G,46,62,GOOD
CWE476_NULL_Pointer_Dereference/CWE476_NULL_Pointer_Dereference__int_03.c,goodG2B2,119,135,GOOD
CWE476_NULL_Pointer_Dereference/CWE476_NULL_Pointer_Dereference__int_03.c,CWE476_NULL_Pointer_Dereference__int_03_good,137,143,GOOD
CWE476_NULL_Pointer_Dereference/CWE476_NULL_Pointer_Dereference__int_03.c,goodB2G1,44,69,GOOD
CWE476_NULL_Pointer_Dereference/CWE476_NULL_Pointer_Dereference__int_03.c,CWE476_NULL_Pointer_Dereference__int_03_bad,24,37,BAD
CWE476_NULL_Pointer_Dereference/CWE476_NULL_Pointer_Dereference__int_03.c,goodB2G2,72,92,GOOD
CWE476_NULL_Pointer_Dereference/CWE476_NULL_Pointer_Dereference__int_03.c,goodG2B1,95,116,GOOD
CWE252_Unchecked_Return_Value/CWE252_Unchecked_Return_Value__char_scanf_08.c,CWE252_Unchecked_Return_Value__char_scanf_08_bad,37,50,BAD
CWE252_Unchecked_Return_Value/CWE252_Unchecked_Return_Value__char_scanf_08.c,staticReturnsFalse,30,33,OTHER
CWE252_Unchecked_Return_Value/CWE252_Unchecked_Return_Value__char_scanf_08.c,CWE252_Unchecked_Return_Value__char_scanf_08_good,99,103,GOOD
CWE252_Unchecked_Return_Value/CWE252_Unchecked_Return_Value__char_scanf_08.c,good2,81,97,GOOD
CWE252_Unchecked_Return_Value/CWE252_Unchecked_Return_Value__char_scanf_08.c,staticReturnsTrue,25,28,OTHER
CWE252_Unchecked_Return_Value/CWE252_Unchecked_Return_Value__char_scanf_08.c,good1,57,78,GOOD
CWE563_Unused_Variable/CWE563_Unused_Variable__unused_value_struct_83a.cpp,bad,26,30,BAD
CWE563_Unused_Variable/CWE563_Unused_Variable__unused_value_struct_83a.cpp,goodB2G,44,48,GOOD
CWE563_Unused_Variable/CWE563_Unused_Variable__unused_value_struct_83a.cpp,goodG2B,37,41,GOOD
CWE563_Unused_Variable/CWE563_Unused_Variable__unused_value_struct_83a.cpp,good,50,54,GOOD
CWE758_Undefined_Behavior/CWE758_Undefined_Behavior__struct_pointer_new_use_04.cpp,bad,29,41,BAD
CWE758_Undefined_Behavior/CWE758_Undefined_Behavior__struct_pointer_new_use_04.cpp,good2,76,96,GOOD
CWE758_Undefined_Behavior/CWE758_Undefined_Behavior__struct_pointer_new_use_04.cpp,good1,48,73,GOOD
CWE758_Undefined_Behavior/CWE758_Undefined_Behavior__struct_pointer_new_use_04.cpp,good,98,102,GOOD
CWE563_Unused_Variable/CWE563_Unused_Variable__unused_uninit_variable_struct_33.cpp,bad,26,38,BAD
CWE563_Unused_Variable/CWE563_Unused_Variable__unused_uninit_variable_struct_33.cpp,goodB2G,45,58,GOOD
CWE563_Unused_Variable/CWE563_Unused_Variable__unused_uninit_variable_struct_33.cpp,good,60,63,GOOD
CWE398_Poor_Code_Quality/CWE398_Poor_Code_Quality__empty_case_17.c,CWE398_Poor_Code_Quality__empty_case_17_good,62,65,GOOD
CWE398_Poor_Code_Quality/CWE398_Poor_Code_Quality__empty_case_17.c,good1,43,60,GOOD
CWE398_Poor_Code_Quality/CWE398_Poor_Code_Quality__empty_case_17.c,CWE398_Poor_Code_Quality__empty_case_17_bad,20,36,BAD
CWE563_Unused_Variable/CWE563_Unused_Variable__unused_init_variable_char_82_goodB2G.cpp,action,24,28,GOOD
CWE252_Unchecked_Return_Value/CWE252_Unchecked_Return_Value__char_w32CreateMutex_09.c,CWE252_Unchecked_Return_Value__char_w32CreateMutex_09_good,91,95,GOOD
CWE252_Unchecked_Return_Value/CWE252_Unchecked_Return_Value__char_w32CreateMutex_09.c,CWE252_Unchecked_Return_Value__char_w32CreateMutex_09_bad,27,40,BAD
CWE252_Unchecked_Return_Value/CWE252_Unchecked_Return_Value__char_w32CreateMutex_09.c,good2,72,89,GOOD
CWE252_Unchecked_Return_Value/CWE252_Unchecked_Return_Value__char_w32CreateMutex_09.c,good1,47,69,GOOD
CWE563_Unused_Variable/CWE563_Unused_Variable__unused_init_variable_int64_t_15.c,goodB2G1,47,63,GOOD
CWE563_Unused_Variable/CWE563_Unused_Variable__unused_init_variable_int64_t_15.c,CWE563_Unused_Variable__unused_init_variable_int64_t_15_good,84,88,GOOD
CWE563_Unused_Variable/CWE563_Unused_Variable__unused_init_variable_int64_t_15.c,CWE563_Unused_Variable__unused_init_variable_int64_t_15_bad,23,40,BAD
CWE563_Unused_Variable/CWE563_Unused_Variable__unused_init_variable_int64_t_15.c,goodB2G2,66,82,GOOD
CWE252_Unchecked_Return_Value/CWE252_Unchecked_Return_Value__wchar_t_fread_15.c,CWE252_Unchecked_Return_Value__wchar_t_fread_15_bad,24,43,BAD
CWE252_Unchecked_Return_Value/CWE252_Unchecked_Return_Value__wchar_t_fread_15.c,good2,75,97,GOOD
CWE252_Unchecked_Return_Value/CWE252_Unchecked_Return_Value__wchar_t_fread_15.c,good1,50,72,GOOD
CWE252_Unchecked_Return_Value/CWE252_Unchecked_Return_Value__wchar_t_fread_15.c,CWE252_Unchecked_Return_Value__wchar_t_fread_15_good,99,103,GOOD
CWE775_Missing_Release_of_File_Descriptor_or_Handle/CWE775_Missing_Release_of_File_Descriptor_or_Handle__fopen_no_close_73b.cpp,goodB2GSink,40,48,GOOD
CWE775_Missing_Release_of_File_Descriptor_or_Handle/CWE775_Missing_Release_of_File_Descriptor_or_Handle__fopen_no_close_73b.cpp,badSink,27,33,BAD
CWE476_NULL_Pointer_Dereference/CWE476_NULL_Pointer_Dereference__char_74b.cpp,goodB2GSink,53,66,GOOD
CWE476_NULL_Pointer_Dereference/CWE476_NULL_Pointer_Dereference__char_74b.cpp,badSink,30,37,BAD
CWE476_NULL_Pointer_Dereference/CWE476_NULL_Pointer_Dereference__char_74b.cpp,goodG2BSink,44,50,GOOD
CWE416_Use_After_Free/CWE416_Use_After_Free__malloc_free_struct_04.c,goodG2B2,157,181,GOOD
CWE416_Use_After_Free/CWE416_Use_After_Free__malloc_free_struct_04.c,goodB2G1,62,93,GOOD
CWE416_Use_After_Free/CWE416_Use_After_Free__malloc_free_struct_04.c,CWE416_Use_After_Free__malloc_free_struct_04_bad,30,55,BAD
CWE416_Use_After_Free/CWE416_Use_After_Free__malloc_free_struct_04.c,CWE416_Use_After_Free__malloc_free_struct_04_good,183,189,GOOD
CWE416_Use_After_Free/CWE416_Use_After_Free__malloc_free_struct_04.c,goodB2G2,96,122,GOOD
CWE416_Use_After_Free/CWE416_Use_After_Free__malloc_free_struct_04.c,goodG2B1,125,154,GOOD
CWE252_Unchecked_Return_Value/CWE252_Unchecked_Return_Value__char_w32CreateNamedPipe_06.c,CWE252_Unchecked_Return_Value__char_w32CreateNamedPipe_06_bad,32,58,BAD
CWE252_Unchecked_Return_Value/CWE252_Unchecked_Return_Value__char_w32CreateNamedPipe_06.c,CWE252_Unchecked_Return_Value__char_w32CreateNamedPipe_06_good,135,139,GOOD
CWE252_Unchecked_Return_Value/CWE252_Unchecked_Return_Value__char_w32CreateNamedPipe_06.c,good2,103,133,GOOD
CWE252_Unchecked_Return_Value/CWE252_Unchecked_Return_Value__char_w32CreateNamedPipe_06.c,good1,65,100,GOOD
CWE404_Improper_Resource_Shutdown/CWE404_Improper_Resource_Shutdown__fopen_w32_close_54a.c,CWE404_Improper_Resource_Shutdown__fopen_w32_close_54_good,52,55,GOOD
CWE404_Improper_Resource_Shutdown/CWE404_Improper_Resource_Shutdown__fopen_w32_close_54a.c,goodB2G,42,50,GOOD
CWE404_Improper_Resource_Shutdown/CWE404_Improper_Resource_Shutdown__fopen_w32_close_54a.c,CWE404_Improper_Resource_Shutdown__fopen_w32_close_54_bad,24,32,BAD
CWE398_Poor_Code_Quality/CWE398_Poor_Code_Quality__empty_block_17.c,CWE398_Poor_Code_Quality__empty_block_17_bad,20,30,BAD
CWE398_Poor_Code_Quality/CWE398_Poor_Code_Quality__empty_block_17.c,good1,37,48,GOOD
CWE398_Poor_Code_Quality/CWE398_Poor_Code_Quality__empty_block_17.c,CWE398_Poor_Code_Quality__empty_block_17_good,50,53,GOOD
CWE398_Poor_Code_Quality/CWE398_Poor_Code_Quality__empty_for_10.c,CWE398_Poor_Code_Quality__empty_for_10_bad,20,33,BAD
CWE398_Poor_Code_Quality/CWE398_Poor_Code_Quality__empty_for_10.c,CWE398_Poor_Code_Quality__empty_for_10_good,78,82,GOOD
CWE398_Poor_Code_Quality/CWE398_Poor_Code_Quality__empty_for_10.c,good2,62,76,GOOD
CWE398_Poor_Code_Quality/CWE398_Poor_Code_Quality__empty_for_10.c,good1,40,59,GOOD
CWE476_NULL_Pointer_Dereference/CWE476_NULL_Pointer_Dereference__int_64a.c,CWE476_NULL_Pointer_Dereference__int_64_good,64,68,GOOD
CWE476_NULL_Pointer_Dereference/CWE476_NULL_Pointer_Dereference__int_64a.c,goodB2G,56,62,GOOD
CWE476_NULL_Pointer_Dereference/CWE476_NULL_Pointer_Dereference__int_64a.c,goodG2B,42,51,GOOD
CWE476_NULL_Pointer_Dereference/CWE476_NULL_Pointer_Dereference__int_64a.c,CWE476_NULL_Pointer_Dereference__int_64_bad,27,33,BAD
CWE476_NULL_Pointer_Dereference/CWE476_NULL_Pointer_Dereference__wchar_t_15.c,goodG2B2,158,184,GOOD
CWE476_NULL_Pointer_Dereference/CWE476_NULL_Pointer_Dereference__wchar_t_15.c,goodB2G1,57,90,GOOD
CWE476_NULL_Pointer_Dereference/CWE476_NULL_Pointer_Dereference__wchar_t_15.c,CWE476_NULL_Pointer_Dereference__wchar_t_15_good,186,192,GOOD
CWE476_NULL_Pointer_Dereference/CWE476_NULL_Pointer_Dereference__wchar_t_15.c,CWE476_NULL_Pointer_Dereference__wchar_t_15_bad,24,50,BAD
CWE476_NULL_Pointer_Dereference/CWE476_NULL_Pointer_Dereference__wchar_t_15.c,goodB2G2,93,126,GOOD
CWE476_NULL_Pointer_Dereference/CWE476_NULL_Pointer_Dereference__wchar_t_15.c,goodG2B1,129,155,GOOD
CWE467_Use_of_sizeof_on_Pointer_Type/CWE467_Use_of_sizeof_on_Pointer_Type__short_13.c,CWE467_Use_of_sizeof_on_Pointer_Type__short_13_bad,20,33,BAD
CWE467_Use_of_sizeof_on_Pointer_Type/CWE467_Use_of_sizeof_on_Pointer_Type__short_13.c,CWE467_Use_of_sizeof_on_Pointer_Type__short_13_good,76,80,GOOD
CWE467_Use_of_sizeof_on_Pointer_Type/CWE467_Use_of_sizeof_on_Pointer_Type__short_13.c,good2,61,74,GOOD
CWE467_Use_of_sizeof_on_Pointer_Type/CWE467_Use_of_sizeof_on_Pointer_Type__short_13.c,good1,40,58,GOOD
CWE563_Unused_Variable/CWE563_Unused_Variable__unused_value_wchar_t_81_goodB2G.cpp,action,25,29,GOOD
CWE563_Unused_Variable/CWE563_Unused_Variable__unused_class_member_variable_01_bad.cpp,BadClass,16,19,BAD
CWE563_Unused_Variable/CWE563_Unused_Variable__unused_class_member_variable_01_bad.cpp,bad,30,34,BAD
CWE563_Unused_Variable/CWE563_Unused_Variable__unused_class_member_variable_01_bad.cpp,printMembers,21,24,BAD
CWE665_Improper_Initialization/CWE665_Improper_Initialization__char_ncat_16.c,CWE665_Improper_Initialization__char_ncat_16_bad,23,44,BAD
CWE665_Improper_Initialization/CWE665_Improper_Initialization__char_ncat_16.c,CWE665_Improper_Initialization__char_ncat_16_good,74,77,GOOD
CWE665_Improper_Initialization/CWE665_Improper_Initialization__char_ncat_16.c,goodG2B,51,72,GOOD
CWE476_NULL_Pointer_Dereference/CWE476_NULL_Pointer_Dereference__struct_06.c,goodG2B2,126,144,GOOD
CWE476_NULL_Pointer_Dereference/CWE476_NULL_Pointer_Dereference__struct_06.c,goodB2G1,49,74,GOOD
CWE476_NULL_Pointer_Dereference/CWE476_NULL_Pointer_Dereference__struct_06.c,CWE476_NULL_Pointer_Dereference__struct_06_good,146,152,GOOD
CWE476_NULL_Pointer_Dereference/CWE476_NULL_Pointer_Dereference__struct_06.c,goodB2G2,77,97,GOOD
CWE476_NULL_Pointer_Dereference/CWE476_NULL_Pointer_Dereference__struct_06.c,CWE476_NULL_Pointer_Dereference__struct_06_bad,29,42,BAD
CWE476_NULL_Pointer_Dereference/CWE476_NULL_Pointer_Dereference__struct_06.c,goodG2B1,100,123,GOOD
CWE404_Improper_Resource_Shutdown/CWE404_Improper_Resource_Shutdown__open_w32CloseHandle_82a.cpp,bad,27,37,BAD
CWE404_Improper_Resource_Shutdown/CWE404_Improper_Resource_Shutdown__open_w32CloseHandle_82a.cpp,goodB2G,44,54,GOOD
CWE404_Improper_Resource_Shutdown/CWE404_Improper_Resource_Shutdown__open_w32CloseHandle_82a.cpp,good,56,59,GOOD
CWE252_Unchecked_Return_Value/CWE252_Unchecked_Return_Value__wchar_t_fread_06.c,CWE252_Unchecked_Return_Value__wchar_t_fread_06_bad,29,42,BAD
CWE252_Unchecked_Return_Value/CWE252_Unchecked_Return_Value__wchar_t_fread_06.c,CWE252_Unchecked_Return_Value__wchar_t_fread_06_good,91,95,GOOD
CWE252_Unchecked_Return_Value/CWE252_Unchecked_Return_Value__wchar_t_fread_06.c,good2,73,89,GOOD
CWE252_Unchecked_Return_Value/CWE252_Unchecked_Return_Value__wchar_t_fread_06.c,good1,49,70,GOOD
CWE563_Unused_Variable/CWE563_Unused_Variable__unused_value_int64_t_82_goodG2B.cpp,action,25,30,GOOD
CWE563_Unused_Variable/CWE563_Unused_Variable__unused_init_variable_char_11.c,goodB2G1,41,56,GOOD
CWE563_Unused_Variable/CWE563_Unused_Variable__unused_init_variable_char_11.c,CWE563_Unused_Variable__unused_init_variable_char_11_good,71,75,GOOD
CWE563_Unused_Variable/CWE563_Unused_Variable__unused_init_variable_char_11.c,CWE563_Unused_Variable__unused_init_variable_char_11_bad,23,34,BAD
CWE563_Unused_Variable/CWE563_Unused_Variable__unused_init_variable_char_11.c,goodB2G2,59,69,GOOD
CWE476_NULL_Pointer_Dereference/CWE476_NULL_Pointer_Dereference__int_82_goodB2G.cpp,action,25,36,GOOD
CWE758_Undefined_Behavior/CWE758_Undefined_Behavior__int_pointer_new_use_07.cpp,bad,28,39,BAD
CWE758_Undefined_Behavior/CWE758_Undefined_Behavior__int_pointer_new_use_07.cpp,good2,72,90,GOOD
CWE758_Undefined_Behavior/CWE758_Undefined_Behavior__int_pointer_new_use_07.cpp,good1,46,69,GOOD
CWE758_Undefined_Behavior/CWE758_Undefined_Behavior__int_pointer_new_use_07.cpp,good,92,96,GOOD
CWE775_Missing_Release_of_File_Descriptor_or_Handle/CWE775_Missing_Release_of_File_Descriptor_or_Handle__open_no_close_53d.c,CWE775_Missing_Release_of_File_Descriptor_or_Handle__open_no_close_53d_badSink,30,34,BAD
CWE775_Missing_Release_of_File_Descriptor_or_Handle/CWE775_Missing_Release_of_File_Descriptor_or_Handle__open_no_close_53d.c,CWE775_Missing_Release_of_File_Descriptor_or_Handle__open_no_close_53d_goodB2GSink,40,47,GOOD
CWE404_Improper_Resource_Shutdown/CWE404_Improper_Resource_Shutdown__open_fclose_42.c,goodB2GSource,54,59,GOOD
CWE404_Improper_Resource_Shutdown/CWE404_Improper_Resource_Shutdown__open_fclose_42.c,CWE404_Improper_Resource_Shutdown__open_fclose_42_bad,37,48,BAD
CWE404_Improper_Resource_Shutdown/CWE404_Improper_Resource_Shutdown__open_fclose_42.c,CWE404_Improper_Resource_Shutdown__open_fclose_42_good,75,78,GOOD
CWE404_Improper_Resource_Shutdown/CWE404_Improper_Resource_Shutdown__open_fclose_42.c,badSource,30,35,BAD
CWE404_Improper_Resource_Shutdown/CWE404_Improper_Resource_Shutdown__open_fclose_42.c,goodB2G,62,73,GOOD
CWE252_Unchecked_Return_Value/CWE252_Unchecked_Return_Value__char_fread_12.c,CWE252_Unchecked_Return_Value__char_fread_12_good,90,93,GOOD
CWE252_Unchecked_Return_Value/CWE252_Unchecked_Return_Value__char_fread_12.c,good1,58,88,GOOD
CWE252_Unchecked_Return_Value/CWE252_Unchecked_Return_Value__char_fread_12.c,CWE252_Unchecked_Return_Value__char_fread_12_bad,24,51,BAD
CWE252_Unchecked_Return_Value/CWE252_Unchecked_Return_Value__wchar_t_fputs_01.c,CWE252_Unchecked_Return_Value__wchar_t_fputs_01_good,43,46,GOOD
CWE252_Unchecked_Return_Value/CWE252_Unchecked_Return_Value__wchar_t_fputs_01.c,good1,34,41,GOOD
CWE252_Unchecked_Return_Value/CWE252_Unchecked_Return_Value__wchar_t_fputs_01.c,CWE252_Unchecked_Return_Value__wchar_t_fputs_01_bad,24,28,BAD
CWE252_Unchecked_Return_Value/CWE252_Unchecked_Return_Value__char_fread_10.c,CWE252_Unchecked_Return_Value__char_fread_10_good,86,90,GOOD
CWE252_Unchecked_Return_Value/CWE252_Unchecked_Return_Value__char_fread_10.c,CWE252_Unchecked_Return_Value__char_fread_10_bad,24,37,BAD
CWE252_Unchecked_Return_Value/CWE252_Unchecked_Return_Value__char_fread_10.c,good2,68,84,GOOD
CWE252_Unchecked_Return_Value/CWE252_Unchecked_Return_Value__char_fread_10.c,good1,44,65,GOOD
CWE563_Unused_Variable/CWE563_Unused_Variable__unused_value_int_22a.c,CWE563_Unused_Variable__unused_value_int_22_bad,29,36,BAD
CWE563_Unused_Variable/CWE563_Unused_Variable__unused_value_int_22a.c,goodB2G1,50,57,GOOD
CWE563_Unused_Variable/CWE563_Unused_Variable__unused_value_int_22a.c,CWE563_Unused_Variable__unused_value_int_22_good,84,89,GOOD
CWE563_Unused_Variable/CWE563_Unused_Variable__unused_value_int_22a.c,goodG2B,74,82,GOOD
CWE563_Unused_Variable/CWE563_Unused_Variable__unused_value_int_22a.c,goodB2G2,62,69,GOOD
CWE665_Improper_Initialization/CWE665_Improper_Initialization__char_cat_62b.cpp,badSource,26,30,BAD
CWE665_Improper_Initialization/CWE665_Improper_Initialization__char_cat_62b.cpp,goodG2BSource,37,41,GOOD
CWE758_Undefined_Behavior/CWE758_Undefined_Behavior__int64_t_new_use_16.cpp,bad,23,35,BAD
CWE758_Undefined_Behavior/CWE758_Undefined_Behavior__int64_t_new_use_16.cpp,good1,42,59,GOOD
CWE758_Undefined_Behavior/CWE758_Undefined_Behavior__int64_t_new_use_16.cpp,good,61,64,GOOD
CWE688_Function_Call_With_Incorrect_Variable_or_Reference_as_Argument/CWE688_Function_Call_With_Incorrect_Variable_or_Reference_as_Argument__basic_12.c,CWE688_Function_Call_With_Incorrect_Variable_or_Reference_as_Argument__basic_12_bad,22,44,BAD
CWE688_Function_Call_With_Incorrect_Variable_or_Reference_as_Argument/CWE688_Function_Call_With_Incorrect_Variable_or_Reference_as_Argument__basic_12.c,CWE688_Function_Call_With_Incorrect_Variable_or_Reference_as_Argument__basic_12_good,75,78,GOOD
CWE688_Function_Call_With_Incorrect_Variable_or_Reference_as_Argument/CWE688_Function_Call_With_Incorrect_Variable_or_Reference_as_Argument__basic_12.c,good1,51,73,GOOD
CWE416_Use_After_Free/CWE416_Use_After_Free__new_delete_array_char_63a.cpp,bad,30,41,BAD
CWE416_Use_After_Free/CWE416_Use_After_Free__new_delete_array_char_63a.cpp,goodB2G,65,76,GOOD
CWE416_Use_After_Free/CWE416_Use_After_Free__new_delete_array_char_63a.cpp,goodG2B,50,60,GOOD
CWE416_Use_After_Free/CWE416_Use_After_Free__new_delete_array_char_63a.cpp,good,78,82,GOOD
CWE758_Undefined_Behavior/CWE758_Undefined_Behavior__struct_malloc_use_11.c,CWE758_Undefined_Behavior__struct_malloc_use_11_bad,20,32,BAD
CWE758_Undefined_Behavior/CWE758_Undefined_Behavior__struct_malloc_use_11.c,good2,65,83,GOOD
CWE758_Undefined_Behavior/CWE758_Undefined_Behavior__struct_malloc_use_11.c,good1,39,62,GOOD
CWE758_Undefined_Behavior/CWE758_Undefined_Behavior__struct_malloc_use_11.c,CWE758_Undefined_Behavior__struct_malloc_use_11_good,85,89,GOOD
CWE665_Improper_Initialization/CWE665_Improper_Initialization__char_ncat_45.c,badSink,26,39,BAD
CWE665_Improper_Initialization/CWE665_Improper_Initialization__char_ncat_45.c,goodG2B,72,81,GOOD
CWE665_Improper_Initialization/CWE665_Improper_Initialization__char_ncat_45.c,CWE665_Improper_Initialization__char_ncat_45_good,83,86,GOOD
CWE665_Improper_Initialization/CWE665_Improper_Initialization__char_ncat_45.c,goodG2BSink,57,70,GOOD
CWE665_Improper_Initialization/CWE665_Improper_Initialization__char_ncat_45.c,CWE665_Improper_Initialization__char_ncat_45_bad,41,50,BAD
CWE775_Missing_Release_of_File_Descriptor_or_Handle/CWE775_Missing_Release_of_File_Descriptor_or_Handle__fopen_no_close_18.c,CWE775_Missing_Release_of_File_Descriptor_or_Handle__fopen_no_close_18_bad,21,31,BAD
CWE775_Missing_Release_of_File_Descriptor_or_Handle/CWE775_Missing_Release_of_File_Descriptor_or_Handle__fopen_no_close_18.c,CWE775_Missing_Release_of_File_Descriptor_or_Handle__fopen_no_close_18_good,53,56,GOOD
CWE775_Missing_Release_of_File_Descriptor_or_Handle/CWE775_Missing_Release_of_File_Descriptor_or_Handle__fopen_no_close_18.c,goodB2G,38,51,GOOD
CWE467_Use_of_sizeof_on_Pointer_Type/CWE467_Use_of_sizeof_on_Pointer_Type__char_03.c,CWE467_Use_of_sizeof_on_Pointer_Type__char_03_good,76,80,GOOD
CWE467_Use_of_sizeof_on_Pointer_Type/CWE467_Use_of_sizeof_on_Pointer_Type__char_03.c,good2,61,74,GOOD
CWE467_Use_of_sizeof_on_Pointer_Type/CWE467_Use_of_sizeof_on_Pointer_Type__char_03.c,good1,40,58,GOOD
CWE467_Use_of_sizeof_on_Pointer_Type/CWE467_Use_of_sizeof_on_Pointer_Type__char_03.c,CWE467_Use_of_sizeof_on_Pointer_Type__char_03_bad,20,33,BAD
CWE685_Function_Call_With_Incorrect_Number_of_Arguments/CWE685_Function_Call_With_Incorrect_Number_of_Arguments__basic_04.c,CWE685_Function_Call_With_Incorrect_Number_of_Arguments__basic_04_good,79,83,GOOD
CWE685_Function_Call_With_Incorrect_Number_of_Arguments/CWE685_Function_Call_With_Incorrect_Number_of_Arguments__basic_04.c,CWE685_Function_Call_With_Incorrect_Number_of_Arguments__basic_04_bad,29,40,BAD
CWE685_Function_Call_With_Incorrect_Number_of_Arguments/CWE685_Function_Call_With_Incorrect_Number_of_Arguments__basic_04.c,good2,66,77,GOOD
CWE685_Function_Call_With_Incorrect_Number_of_Arguments/CWE685_Function_Call_With_Incorrect_Number_of_Arguments__basic_04.c,good1,47,63,GOOD
CWE665_Improper_Initialization/CWE665_Improper_Initialization__char_ncat_51a.c,CWE665_Improper_Initialization__char_ncat_51_good,54,57,GOOD
CWE665_Improper_Initialization/CWE665_Improper_Initialization__char_ncat_51a.c,CWE665_Improper_Initialization__char_ncat_51_bad,26,34,BAD
CWE665_Improper_Initialization/CWE665_Improper_Initialization__char_ncat_51a.c,goodG2B,44,52,GOOD
CWE775_Missing_Release_of_File_Descriptor_or_Handle/CWE775_Missing_Release_of_File_Descriptor_or_Handle__w32CreateFile_no_close_72b.cpp,goodB2GSink,42,50,GOOD
CWE775_Missing_Release_of_File_Descriptor_or_Handle/CWE775_Missing_Release_of_File_Descriptor_or_Handle__w32CreateFile_no_close_72b.cpp,badSink,29,35,BAD
CWE404_Improper_Resource_Shutdown/CWE404_Improper_Resource_Shutdown__open_fclose_83_goodB2G.cpp,CWE404_Improper_Resource_Shutdown__open_fclose_83_goodB2G,23,28,GOOD
CWE404_Improper_Resource_Shutdown/CWE404_Improper_Resource_Shutdown__open_fclose_83_goodB2G.cpp,~CWE404_Improper_Resource_Shutdown__open_fclose_83_goodB2G,30,37,GOOD
CWE758_Undefined_Behavior/CWE758_Undefined_Behavior__long_malloc_use_01.c,CWE758_Undefined_Behavior__long_malloc_use_01_bad,20,28,BAD
CWE758_Undefined_Behavior/CWE758_Undefined_Behavior__long_malloc_use_01.c,good1,34,47,GOOD
CWE758_Undefined_Behavior/CWE758_Undefined_Behavior__long_malloc_use_01.c,CWE758_Undefined_Behavior__long_malloc_use_01_good,49,52,GOOD
CWE563_Unused_Variable/CWE563_Unused_Variable__unused_init_variable_wchar_t_72a.cpp,bad,32,43,BAD
CWE563_Unused_Variable/CWE563_Unused_Variable__unused_init_variable_wchar_t_72a.cpp,goodB2G,52,62,GOOD
CWE563_Unused_Variable/CWE563_Unused_Variable__unused_init_variable_wchar_t_72a.cpp,good,64,67,GOOD
CWE758_Undefined_Behavior/CWE758_Undefined_Behavior__class_pointer_new_use_09.cpp,bad,23,35,BAD
CWE758_Undefined_Behavior/CWE758_Undefined_Behavior__class_pointer_new_use_09.cpp,good2,70,90,GOOD
CWE758_Undefined_Behavior/CWE758_Undefined_Behavior__class_pointer_new_use_09.cpp,good1,42,67,GOOD
CWE758_Undefined_Behavior/CWE758_Undefined_Behavior__class_pointer_new_use_09.cpp,good,92,96,GOOD
CWE416_Use_After_Free/CWE416_Use_After_Free__new_delete_long_64a.cpp,bad,30,40,BAD
CWE416_Use_After_Free/CWE416_Use_After_Free__new_delete_long_64a.cpp,goodB2G,63,73,GOOD
CWE416_Use_After_Free/CWE416_Use_After_Free__new_delete_long_64a.cpp,goodG2B,49,58,GOOD
CWE416_Use_After_Free/CWE416_Use_After_Free__new_delete_long_64a.cpp,good,75,79,GOOD
CWE398_Poor_Code_Quality/CWE398_Poor_Code_Quality__empty_else_12.c,CWE398_Poor_Code_Quality__empty_else_12_bad,20,55,BAD
CWE398_Poor_Code_Quality/CWE398_Poor_Code_Quality__empty_else_12.c,good1,62,98,GOOD
CWE398_Poor_Code_Quality/CWE398_Poor_Code_Quality__empty_else_12.c,CWE398_Poor_Code_Quality__empty_else_12_good,100,103,GOOD
CWE758_Undefined_Behavior/CWE758_Undefined_Behavior__long_alloca_use_04.c,CWE758_Undefined_Behavior__long_alloca_use_04_bad,26,36,BAD
CWE758_Undefined_Behavior/CWE758_Undefined_Behavior__long_alloca_use_04.c,CWE758_Undefined_Behavior__long_alloca_use_04_good,83,87,GOOD
CWE758_Undefined_Behavior/CWE758_Undefined_Behavior__long_alloca_use_04.c,good2,66,81,GOOD
CWE758_Undefined_Behavior/CWE758_Undefined_Behavior__long_alloca_use_04.c,good1,43,63,GOOD
CWE563_Unused_Variable/CWE563_Unused_Variable__unused_value_char_84_goodG2B.cpp,~CWE563_Unused_Variable__unused_value_char_84_goodG2B,32,37,GOOD
CWE563_Unused_Variable/CWE563_Unused_Variable__unused_value_char_84_goodG2B.cpp,CWE563_Unused_Variable__unused_value_char_84_goodG2B,24,30,GOOD
CWE404_Improper_Resource_Shutdown/CWE404_Improper_Resource_Shutdown__freopen_w32_close_12.c,CWE404_Improper_Resource_Shutdown__freopen_w32_close_12_bad,21,44,BAD
CWE404_Improper_Resource_Shutdown/CWE404_Improper_Resource_Shutdown__freopen_w32_close_12.c,CWE404_Improper_Resource_Shutdown__freopen_w32_close_12_good,77,80,GOOD
CWE404_Improper_Resource_Shutdown/CWE404_Improper_Resource_Shutdown__freopen_w32_close_12.c,goodB2G,52,75,GOOD
CWE416_Use_After_Free/CWE416_Use_After_Free__return_freed_ptr_12.c,helperBad,18,40,BAD
CWE416_Use_After_Free/CWE416_Use_After_Free__return_freed_ptr_12.c,CWE416_Use_After_Free__return_freed_ptr_12_bad,67,93,BAD
CWE416_Use_After_Free/CWE416_Use_After_Free__return_freed_ptr_12.c,CWE416_Use_After_Free__return_freed_ptr_12_good,128,131,GOOD
CWE416_Use_After_Free/CWE416_Use_After_Free__return_freed_ptr_12.c,good1,100,126,GOOD
CWE416_Use_After_Free/CWE416_Use_After_Free__return_freed_ptr_12.c,helperGood,42,63,GOOD
CWE563_Unused_Variable/CWE563_Unused_Variable__unused_value_long_08.c,goodG2B2,118,133,GOOD
CWE563_Unused_Variable/CWE563_Unused_Variable__unused_value_long_08.c,goodB2G1,58,76,GOOD
CWE563_Unused_Variable/CWE563_Unused_Variable__unused_value_long_08.c,staticReturnsFalse,30,33,OTHER
CWE563_Unused_Variable/CWE563_Unused_Variable__unused_value_long_08.c,CWE563_Unused_Variable__unused_value_long_08_bad,37,51,BAD
CWE563_Unused_Variable/CWE563_Unused_Variable__unused_value_long_08.c,CWE563_Unused_Variable__unused_value_long_08_good,135,141,GOOD
CWE563_Unused_Variable/CWE563_Unused_Variable__unused_value_long_08.c,staticReturnsTrue,25,28,OTHER
CWE563_Unused_Variable/CWE563_Unused_Variable__unused_value_long_08.c,goodB2G2,79,92,GOOD
CWE563_Unused_Variable/CWE563_Unused_Variable__unused_value_long_08.c,goodG2B1,95,115,GOOD
CWE758_Undefined_Behavior/CWE758_Undefined_Behavior__struct_alloca_use_04.c,CWE758_Undefined_Behavior__struct_alloca_use_04_bad,26,37,BAD
CWE758_Undefined_Behavior/CWE758_Undefined_Behavior__struct_alloca_use_04.c,CWE758_Undefined_Behavior__struct_alloca_use_04_good,88,92,GOOD
CWE758_Undefined_Behavior/CWE758_Undefined_Behavior__struct_alloca_use_04.c,good2,69,86,GOOD
CWE758_Undefined_Behavior/CWE758_Undefined_Behavior__struct_alloca_use_04.c,good1,44,66,GOOD
CWE665_Improper_Initialization/CWE665_Improper_Initialization__wchar_t_ncat_65a.c,CWE665_Improper_Initialization__wchar_t_ncat_65_good,57,60,GOOD
CWE665_Improper_Initialization/CWE665_Improper_Initialization__wchar_t_ncat_65a.c,CWE665_Improper_Initialization__wchar_t_ncat_65_bad,26,37,BAD
CWE665_Improper_Initialization/CWE665_Improper_Initialization__wchar_t_ncat_65a.c,goodG2B,46,55,GOOD
CWE476_NULL_Pointer_Dereference/CWE476_NULL_Pointer_Dereference__class_12.cpp,bad,24,62,BAD
CWE476_NULL_Pointer_Dereference/CWE476_NULL_Pointer_Dereference__class_12.cpp,goodB2G,71,110,GOOD
CWE476_NULL_Pointer_Dereference/CWE476_NULL_Pointer_Dereference__class_12.cpp,goodG2B,115,152,GOOD
CWE476_NULL_Pointer_Dereference/CWE476_NULL_Pointer_Dereference__class_12.cpp,good,154,158,GOOD
CWE758_Undefined_Behavior/CWE758_Undefined_Behavior__long_malloc_use_11.c,CWE758_Undefined_Behavior__long_malloc_use_11_good,80,84,GOOD
CWE758_Undefined_Behavior/CWE758_Undefined_Behavior__long_malloc_use_11.c,CWE758_Undefined_Behavior__long_malloc_use_11_bad,20,31,BAD
CWE758_Undefined_Behavior/CWE758_Undefined_Behavior__long_malloc_use_11.c,good2,62,78,GOOD
CWE758_Undefined_Behavior/CWE758_Undefined_Behavior__long_malloc_use_11.c,good1,38,59,GOOD
CWE758_Undefined_Behavior/CWE758_Undefined_Behavior__long_malloc_use_17.c,CWE758_Undefined_Behavior__long_malloc_use_17_bad,20,32,BAD
CWE758_Undefined_Behavior/CWE758_Undefined_Behavior__long_malloc_use_17.c,CWE758_Undefined_Behavior__long_malloc_use_17_good,58,61,GOOD
CWE758_Undefined_Behavior/CWE758_Undefined_Behavior__long_malloc_use_17.c,good1,39,56,GOOD
CWE404_Improper_Resource_Shutdown/CWE404_Improper_Resource_Shutdown__open_w32CloseHandle_44.c,CWE404_Improper_Resource_Shutdown__open_w32CloseHandle_44_good,79,82,GOOD
CWE404_Improper_Resource_Shutdown/CWE404_Improper_Resource_Shutdown__open_w32CloseHandle_44.c,CWE404_Improper_Resource_Shutdown__open_w32CloseHandle_44_bad,41,52,BAD
CWE404_Improper_Resource_Shutdown/CWE404_Improper_Resource_Shutdown__open_w32CloseHandle_44.c,goodB2GSink,59,66,GOOD
CWE404_Improper_Resource_Shutdown/CWE404_Improper_Resource_Shutdown__open_w32CloseHandle_44.c,badSink,32,39,BAD
CWE404_Improper_Resource_Shutdown/CWE404_Improper_Resource_Shutdown__open_w32CloseHandle_44.c,goodB2G,68,77,GOOD
CWE252_Unchecked_Return_Value/CWE252_Unchecked_Return_Value__wchar_t_rename_05.c,good2,71,81,GOOD
CWE252_Unchecked_Return_Value/CWE252_Unchecked_Return_Value__wchar_t_rename_05.c,good1,53,68,GOOD
CWE252_Unchecked_Return_Value/CWE252_Unchecked_Return_Value__wchar_t_rename_05.c,CWE252_Unchecked_Return_Value__wchar_t_rename_05_good,83,87,GOOD
CWE252_Unchecked_Return_Value/CWE252_Unchecked_Return_Value__wchar_t_rename_05.c,CWE252_Unchecked_Return_Value__wchar_t_rename_05_bad,39,46,BAD
CWE775_Missing_Release_of_File_Descriptor_or_Handle/CWE775_Missing_Release_of_File_Descriptor_or_Handle__fopen_no_close_65b.c,CWE775_Missing_Release_of_File_Descriptor_or_Handle__fopen_no_close_65b_badSink,21,25,BAD
CWE775_Missing_Release_of_File_Descriptor_or_Handle/CWE775_Missing_Release_of_File_Descriptor_or_Handle__fopen_no_close_65b.c,CWE775_Missing_Release_of_File_Descriptor_or_Handle__fopen_no_close_65b_goodB2GSink,32,39,GOOD
CWE563_Unused_Variable/CWE563_Unused_Variable__unused_uninit_variable_wchar_t_73a.cpp,bad,32,43,BAD
CWE563_Unused_Variable/CWE563_Unused_Variable__unused_uninit_variable_wchar_t_73a.cpp,goodB2G,52,62,GOOD
CWE563_Unused_Variable/CWE563_Unused_Variable__unused_uninit_variable_wchar_t_73a.cpp,good,64,67,GOOD
